{
  "totalCount": 1,
  "nextPageKey": null,
  "resolution": "1m",
  "result": [
    {
      "metricId": "nomad.client.allocs.cpu.total_percent:filter(eq(task,example-task-name)):avg",
      "dataPointCountRatio": 1.5e-6,
      "dimensionCountRatio": 3.0e-5,
      "data": [
        {
          "dimensions": [],
          "dimensionMap": {},
          "timestamps": [
            1681041120000,
            1681041180000,
            1681041240000,
            1681041300000,
            1681041360000,
            1681041420000,
            1681041480000,
            1681041540000,
            1681041600000,
            1681041660000
          ],
          "values": [
            3.914700402153863,
            3.979033912360335,
            3.966059941830842,
            3.9134031327743104,
            3.961203765869141,
            3.9419395404155027,
            3.9066289265950522,
            3.9766624579995367,
            3.925440039338365,
            3.961561325697871
          ]
        }
      ]
    }
  ]
}
